DELETE dams.TeamMember;
DELETE dams.RoleAssignment;
DELETE dams.HumanAgent;
DELETE dams.Team;
DELETE dams.Organization;

INSERT INTO dams.Organization(
    OrganizationHUID,
    OrganizationName,
    PrimaryIndustryCode
)
VALUES
    ('11111111-1111-1111-1111-111111111111', 'One', 'Hardware'),
    ('22222222-2222-2222-2222-222222222222', 'Two', 'Software')
;

INSERT INTO dams.Team(
    TeamHUID,
    TeamName,
    OrganizationHUID
)
VALUES
    ('11111111-1111-1111-1111-111111110000', 'TeamZero', '11111111-1111-1111-1111-111111111111'),
    ('11111111-1111-1111-1111-111111110001', 'TeamOne', '11111111-1111-1111-1111-111111111111')
;

INSERT INTO dams.HumanAgent(
    HumanAgentHUID,
    OrganizationHUID,
    PrimaryEmail,
    HumanAgentExternalIdentifier,
    GivenName,
    Surname
)
VALUES
    ('11111111-1111-1111-1111-111111110010', '11111111-1111-1111-1111-111111111111', 'UserTen@abc.def', 'emp10', 'Ten', 'Test'),
    ('11111111-1111-1111-1111-111111110011', '11111111-1111-1111-1111-111111111111', 'UserElev@abc.def', 'emp11', 'Elev', 'Tester')
;

INSERT INTO dams.TeamMember(
    TeamHUID,
    HumanAgentHUID,
    OrganizationHUID
)
VALUES
    ('11111111-1111-1111-1111-111111110000', '11111111-1111-1111-1111-111111110010', '11111111-1111-1111-1111-111111111111'),
    ('11111111-1111-1111-1111-111111110000', '11111111-1111-1111-1111-111111110011', '11111111-1111-1111-1111-111111111111'),
    ('11111111-1111-1111-1111-111111110001', '11111111-1111-1111-1111-111111110010', '11111111-1111-1111-1111-111111111111')
;

INSERT INTO dams.RoleAssignment(
    HumanAgentHUID,
    RoleName,
    GrantedOn,
    GrantedBy
)
VALUES
    ('11111111-1111-1111-1111-111111110010', 'Administrator', '2021-06-01', '11111111-1111-1111-1111-111111110010'),
    ('11111111-1111-1111-1111-111111110010', 'Analyst', '2021-06-01', '11111111-1111-1111-1111-111111110010'),
    ('11111111-1111-1111-1111-111111110010', 'Editor', '2021-06-01', '11111111-1111-1111-1111-111111110010'),
    ('11111111-1111-1111-1111-111111110011', 'Viewer', '2021-06-01', '11111111-1111-1111-1111-111111110010')
;

/* Test which features HumanAgent "Elev" can access */
DECLARE @HumanAgentHUID uniqueidentifier = '11111111-1111-1111-1111-111111110011';
SELECT
    f.FeatureCode
FROM dams.RoleAssignment ra
INNER JOIN dams.FeatureAccess fa
    ON ra.RoleName = fa.RoleName
INNER JOIN rfrnc.Feature f
    ON fa.FeatureCode = f.FeatureCode
WHERE ra.HumanAgentHUID = @HumanAgentHUID;
